<?xml version='1.0' encoding='utf-8'?>
<excludeAssets>
	<asset name="PointlessThing"/>
	<asset name="net.guttershark.AnotherPT"/>
	<asset name="net.guttershark.control.Frame1Controller"/>
	<asset name="net.guttershark.control.PreloadController"/>
	<asset name="net.guttershark.display.CoreSprite"/>
	<asset name="net.guttershark.display.CoreClip"/>
	<asset name="net.guttershark.display.buttons.MovieClipButton"/>
	<asset name="net.guttershark.display.views.BasicView"/>
	<asset name="net.guttershark.display.views.AnimatedView"/>
	<asset name="net.guttershark.display.views.InOutView"/>
	<asset name="net.guttershark.display.views.ControllerView"/>
	<asset name="net.guttershark.managers.AssetManager"/>
	<asset name="net.guttershark.managers.EventManager"/>
	<asset name="net.guttershark.managers.FormManager"/>
	<asset name="net.guttershark.managers.KeyboardEventManager"/>
	<asset name="net.guttershark.managers.LanguageManager"/>
	<asset name="net.guttershark.managers.LayoutManager"/>
	<asset name="net.guttershark.managers.PlayerManager"/>
	<asset name="net.guttershark.managers.ServiceManager"/>
	<asset name="net.guttershark.managers.SoundManager"/>
	<asset name="net.guttershark.model.Model"/>
	<asset name="net.guttershark.util.ArrayUtils"/>
	<asset name="net.guttershark.util.Assertions"/>
	<asset name="net.guttershark.util.BitmapUtils"/>
	<asset name="net.guttershark.util.ColorUtils"/>
	<asset name="net.guttershark.util.cache.Cache"/>
	<asset name="net.guttershark.util.cache.CacheItem"/>
	<asset name="net.guttershark.util.cache.DescribeTypeCache"/>
	<asset name="net.guttershark.util.CPU"/>
	<asset name="net.guttershark.util.DateUtils"/>
	<asset name="net.guttershark.util.DictionaryUtils"/>
	<asset name="net.guttershark.util.DisplayListUtils"/>
	<asset name="net.guttershark.util.filters.FilterUtils"/>
	<asset name="net.guttershark.util.FlashLibrary"/>
	<asset name="net.guttershark.util.FrameDelay"/>
	<asset name="net.guttershark.util.FramePulse"/>
	<asset name="net.guttershark.util.MathUtils"/>
	<asset name="net.guttershark.util.MouseUtils"/>
	<asset name="net.guttershark.util.ObjectUtils"/>
	<asset name="net.guttershark.util.ScopeUtils"/>
	<asset name="net.guttershark.util.SetterUtils"/>
	<asset name="net.guttershark.util.Singleton"/>
	<asset name="net.guttershark.util.ColorUtils"/>
	<asset name="net.guttershark.util.TextFieldUtils"/>
	<asset name="net.guttershark.util.Tracking"/>
	<asset name="net.guttershark.util.Utilities"/>
</excludeAssets>